trueR,trueI
-1.721500e-03,1.278630e-03
n_samples,time,n_paths,n_NZero_paths,estimateR,estimateI,varianceR,varianceI,RvarianceR,RvarianceI,var,L2
524288,242391,4194304,525636,-0.001711595,0.001231851,9.810902499999881e-11,2.1882748410000047e-09,2.2863838660000033e-09,4.7816146498855416e-05
1048576,242391,8388608,1051322,-0.001725132,0.001278161,1.3191424000001145e-11,2.199609999999095e-13,1.3411385000001055e-11,3.662155785872722e-06
1572864,242408,12582912,1576942,-0.001714283,0.001264305,5.2085088999998565e-11,2.0520562499999794e-10,2.572907139999965e-10,1.60402840997283e-05
2097152,242417,16777216,2102563,-0.001712829,0.001261947,7.518624100000045e-11,2.783224889999992e-10,3.535087299999996e-10,1.880182783667587e-05
2621440,242421,20971520,2628180,-0.00171632,0.00127399,2.6832400000000293e-11,2.152959999999984e-11,4.8362000000000135e-11,6.954279258125901e-06
3145728,242423,25165824,3153798,-0.001726122,0.00130004,2.136288400000123e-11,4.583880999999965e-10,4.797509839999977e-10,2.1903218576273163e-05
3670016,242423,29360128,3679405,-0.00172634,0.001292958,2.342560000000093e-11,2.052915840000024e-10,2.2871718400000335e-10,1.5123398559847695e-05
4194304,242424,33554432,4205045,-0.001729173,0.001291348,5.887492900000217e-11,1.6174752400000264e-10,2.206224530000048e-10,1.4853365039613239e-05
4718592,242425,37748736,4730697,-0.001725969,0.00128577,1.9971961000000007e-11,5.097960000000139e-11,7.09515610000014e-11,8.423274956927466e-06
5242880,242497,41943040,5256362,-0.001721799,0.001284503,8.940100000002736e-14,3.4492128999999874e-11,3.45815299999999e-11,5.880606261262516e-06
5767168,242498,46137344,5781986,-0.001714358,0.001272474,5.1008163999998746e-11,3.7896336e-11,8.890449999999874e-11,9.42891828366323e-06
6291456,242503,50331648,6307688,-0.001716813,0.001275544,2.196796899999966e-11,9.523396000000109e-12,3.149136499999977e-11,5.611716760493153e-06
6815744,242509,54525952,6833308,-0.001718823,0.001277706,7.1663289999998635e-12,8.537760000000375e-13,8.020104999999901e-12,2.8319789900350426e-06
7340032,242560,58720256,7358940,-0.001715035,0.001273621,4.1796224999999825e-11,2.5090081000000464e-11,6.688630600000029e-11,8.178404856694261e-06
7864320,242683,62914560,7884639,-0.001713605,0.001271344,6.233102499999922e-11,5.3085796000000166e-11,1.1541682099999939e-10,1.0743222095814616e-05
8388608,242888,67108864,8410285,-0.001717656,0.001277928,1.47763360000002e-11,4.92803999999992e-13,1.5269140000000194e-11,3.907574695383339e-06
8912896,480153,71303168,8935870,-0.001720801,0.001280755,4.886009999997745e-13,4.515624999999816e-12,5.004225999999591e-12,2.237012740240786e-06
9437184,480218,75497472,9461524,-0.001722433,0.00128503,8.704890000001e-13,4.095999999999922e-11,4.183048899999932e-11,6.467649418451755e-06
9961472,480229,79691776,9987111,-0.001727357,0.001290021,3.430444899999947e-11,1.2975488099999815e-10,1.640593299999976e-10,1.2808564712722405e-05
10485760,480248,83886080,10512778,-0.001725871,0.00128845,1.9105640999999787e-11,9.643240000000022e-11,1.1553804100000001e-10,1.0748862311891432e-05
11010048,480364,88080384,11038420,-0.001724889,0.00128742,1.1485321000000855e-11,7.7264100000001e-11,8.874942100000185e-11,9.420691110529092e-06
11534336,480368,92274688,11564073,-0.001724797,0.001287027,1.087020899999986e-11,7.050960900000081e-11,8.137981800000066e-11,9.02107632159271e-06
12058624,480423,96468992,12089715,-0.001724682,0.001288646,1.012512400000007e-11,1.0032025600000123e-10,1.104453800000013e-10,1.0509299691225924e-05
12582912,480465,100663296,12615353,-0.001726092,0.001290057,2.1086464000000865e-11,1.3057632900000119e-10,1.5166279300000204e-10,1.2315144863135068e-05
13107200,480505,104857600,13140929,-0.001722217,0.001284057,5.14089000000175e-13,2.945232899999898e-11,2.9966417999999155e-11,5.474159113507677e-06
13631488,480519,109051904,13666580,-0.00172265,0.001283367,1.3225000000002513e-12,2.243916900000095e-11,2.3761669000001203e-11,4.874594239524066e-06
14155776,480544,113246208,14192256,-0.001723626,0.001285858,4.5198760000003446e-12,5.22439839999995e-11,5.6763859999999843e-11,7.534179451008573e-06
14680064,480590,117440512,14717932,-0.001724293,0.00128558,7.80084900000037e-12,4.830249999999896e-11,5.610334899999933e-11,7.4902168860453785e-06
15204352,480655,121634816,15243594,-0.001726172,0.001283496,2.1827584000000493e-11,2.3677956000000697e-11,4.550554000000119e-11,6.74577942123823e-06
15728640,480659,125829120,15769180,-0.001723887,0.001283256,5.697768999999819e-12,2.1399875999999807e-11,2.7097644999999625e-11,5.20553983751922e-06
16252928,480717,130023424,16294832,-0.001725674,0.001282151,1.742227600000015e-11,1.2397441000000255e-11,2.9819717000000405e-11,5.4607432644284245e-06
16777216,481746,134217728,16820461,-0.001722932,0.001284116,2.0506239999999878e-12,3.009619600000083e-11,3.214682000000082e-11,5.669816575516427e-06
17301504,718104,138412032,17346091,-0.001723788,0.001281075,5.234944000000135e-12,5.9780250000000384e-12,1.1212969000000174e-11,3.348577160526568e-06
17825792,718158,142606336,17871765,-0.001724317,0.001280249,7.935489000000059e-12,2.6211610000000415e-12,1.05566500000001e-11,3.24909987535011e-06
18350080,718184,146800640,18397465,-0.001725562,0.001281154,1.649984399999991e-11,6.370576000000299e-12,2.287042000000021e-11,4.782302792588546e-06
18874368,718350,150994944,18923184,-0.001727593,0.001284962,3.7124648999999805e-11,4.0094223999999395e-11,7.721887299999921e-11,8.78742698404938e-06
19398656,718399,155189248,19448904,-0.0017284,0.001283704,4.761000000000007e-11,2.5745476000000954e-11,7.335547600000103e-11,8.564781141395326e-06
19922944,718404,159383552,19974583,-0.001731011,0.001287427,9.045912100000047e-11,7.738720900000102e-11,1.6784633000000148e-10,1.2955552091671025e-05
20447232,718442,163577856,20500254,-0.001730242,0.001289878,7.642256400000293e-11,1.2651750399999873e-10,2.0294006800000167e-10,1.4245703492632495e-05
20971520,718523,167772160,21025841,-0.001730697,0.001289872,8.458480900000125e-11,1.263825640000015e-10,2.1096737300000274e-10,1.4524715935260239e-05
21495808,718585,171966464,21551482,-0.001729734,0.001289451,6.77987559999996e-11,1.1709404100000112e-10,1.8489279700000072e-10,1.3597529077005157e-05
22020096,718604,176160768,22077153,-0.001729337,0.001289941,6.14185690000019e-11,1.279387209999991e-10,1.8935729000000101e-10,1.3760715461050744e-05
22544384,718729,180355072,22602772,-0.001731405,0.001288472,9.81090250000031e-11,9.68649639999985e-11,1.949739890000016e-10,1.3963308669509588e-05
23068672,718747,184549376,23128412,-0.00172999,0.001287681,7.208010000000175e-11,8.192060099999887e-11,1.5400070100000062e-10,1.2409701890053629e-05
23592960,718924,188743680,23654129,-0.001729024,0.001288591,5.661057600000109e-11,9.92215209999991e-11,1.558320970000002e-10,1.2483272687881179e-05
24117248,719016,192937984,24179787,-0.001729705,0.001285408,6.7322025000001e-11,4.594128400000048e-11,1.1326330900000148e-10,1.064252361989399e-05
24641536,719046,197132288,24705383,-0.001727922,0.00128277,4.124208400000088e-11,1.7139599999999305e-11,5.838168400000018e-11,7.640790796769676e-06
25165824,720682,201326592,25231047,-0.001727598,0.001281892,3.718560399999944e-11,1.0640643999999803e-11,4.782624799999925e-11,6.9156523914956315e-06
25690112,956104,205520896,25756734,-0.001726968,0.001280151,2.9899024000000104e-11,2.3134409999999625e-12,3.2212465000000064e-11,5.675602611177078e-06
26214400,956166,209715200,26282376,-0.001726086,0.00127957,2.1031396e-11,8.836000000001041e-13,2.1914996000000104e-11,4.681345533070605e-06
26738688,956183,213909504,26808021,-0.001724862,0.001277559,1.1303044000000178e-11,1.1470410000001243e-12,1.2450085000000302e-11,3.528467797784231e-06
27262976,956210,218103808,27333660,-0.001724068,0.001276309,6.594624000000521e-12,5.387041000000033e-12,1.1981665000000554e-11,3.46145417418757e-06
27787264,956431,222298112,27859308,-0.001725415,0.001278535,1.532722500000132e-11,9.025000000016403e-15,1.5336250000001337e-11,3.91615244851389e-06
28311552,956464,226492416,28384916,-0.001724395,0.001276975,8.381025000000893e-12,2.739024999999765e-12,1.1120050000000658e-11,3.3346738971000834e-06
28835840,956548,230686720,28910587,-0.001723029,0.001275266,2.3378410000003476e-12,1.131649600000039e-11,1.3654337000000739e-11,3.6951775329476037e-06
29360128,956560,234881024,29436223,-0.001722177,0.001273472,4.583290000001933e-13,2.6604963999998956e-11,2.706329299999915e-11,5.202239229408731e-06
29884416,956599,239075328,29961925,-0.001722026,0.001275213,2.7667600000004423e-13,1.167588899999943e-11,1.1952564999999474e-11,3.4572481831652575e-06
30408704,956804,243269632,30487541,-0.001722423,0.001274032,8.519290000002085e-13,2.114160399999974e-11,2.199353299999995e-11,4.689726324637713e-06
30932992,956952,247463936,31013102,-0.001721448,0.001275383,2.7039999999949447e-15,1.0543009000000383e-11,1.0545713000000378e-11,3.247416357660406e-06
31457280,956978,251658240,31538676,-0.001722821,0.001278294,1.745041000000241e-12,1.1289600000005795e-13,1.857937000000299e-12,1.3630616273669723e-06
31981568,956995,255852544,32064330,-0.001722582,0.001278051,1.1707240000002657e-12,3.352409999998851e-13,1.5059650000001509e-12,1.22717765625037e-06
32505856,957015,260046848,32589934,-0.001722448,0.001277908,8.987039999999326e-13,5.212840000001333e-13,1.419988000000066e-12,1.191632493682539e-06
33030144,957220,264241152,33115657,-0.001721804,0.00127657,9.241600000000977e-14,4.243599999999625e-12,4.336015999999635e-12,2.0823102554613793e-06
33554432,959192,268435456,33641338,-0.001721726,0.001275674,5.1076000000040215e-14,8.73793599999954e-12,8.789011999999581e-12,2.964626789327719e-06
